{
  "hash": "664eff86",
  "configHash": "3e26d305",
  "lockfileHash": "b4b8e0a3",
  "browserHash": "66eb47af",
  "optimized": {
    "@angular/cdk/drag-drop": {
      "src": "../../../../../../node_modules/@angular/cdk/fesm2022/drag-drop.mjs",
      "file": "@angular_cdk_drag-drop.js",
      "fileHash": "9ae7d6e3",
      "needsInterop": false
    },
    "@angular/cdk/scrolling": {
      "src": "../../../../../../node_modules/@angular/cdk/fesm2022/scrolling.mjs",
      "file": "@angular_cdk_scrolling.js",
      "fileHash": "31376434",
      "needsInterop": false
    },
    "@angular/common": {
      "src": "../../../../../../node_modules/@angular/common/fesm2022/common.mjs",
      "file": "@angular_common.js",
      "fileHash": "a2e841b0",
      "needsInterop": false
    },
    "@angular/core": {
      "src": "../../../../../../node_modules/@angular/core/fesm2022/core.mjs",
      "file": "@angular_core.js",
      "fileHash": "04fed8fb",
      "needsInterop": false
    },
    "@angular/platform-browser": {
      "src": "../../../../../../node_modules/@angular/platform-browser/fesm2022/platform-browser.mjs",
      "file": "@angular_platform-browser.js",
      "fileHash": "557f4231",
      "needsInterop": false
    },
    "@angular/router": {
      "src": "../../../../../../node_modules/@angular/router/fesm2022/router.mjs",
      "file": "@angular_router.js",
      "fileHash": "2049d481",
      "needsInterop": false
    },
    "@angular/forms": {
      "src": "../../../../../../node_modules/@angular/forms/fesm2022/forms.mjs",
      "file": "@angular_forms.js",
      "fileHash": "fd94e231",
      "needsInterop": false
    }
  },
  "chunks": {
    "chunk-7CPSBKUZ": {
      "file": "chunk-7CPSBKUZ.js"
    },
    "chunk-H7DWBOSJ": {
      "file": "chunk-H7DWBOSJ.js"
    },
    "chunk-VZQF4DAH": {
      "file": "chunk-VZQF4DAH.js"
    },
    "chunk-FZBSMGM4": {
      "file": "chunk-FZBSMGM4.js"
    }
  }
}