{
  "hash": "9c841b51",
  "configHash": "50964d4d",
  "lockfileHash": "00a0a1db",
  "browserHash": "35d1a189",
  "optimized": {
    "@angular/common": {
      "src": "../../../../../../node_modules/@angular/common/fesm2022/common.mjs",
      "file": "@angular_common.js",
      "fileHash": "0baf5b1a",
      "needsInterop": false
    },
    "@angular/core": {
      "src": "../../../../../../node_modules/@angular/core/fesm2022/core.mjs",
      "file": "@angular_core.js",
      "fileHash": "0b8db4c7",
      "needsInterop": false
    },
    "@angular/platform-browser": {
      "src": "../../../../../../node_modules/@angular/platform-browser/fesm2022/platform-browser.mjs",
      "file": "@angular_platform-browser.js",
      "fileHash": "68efbb49",
      "needsInterop": false
    },
    "@angular/router": {
      "src": "../../../../../../node_modules/@angular/router/fesm2022/router.mjs",
      "file": "@angular_router.js",
      "fileHash": "b1301993",
      "needsInterop": false
    }
  },
  "chunks": {
    "chunk-I6EXUSBV": {
      "file": "chunk-I6EXUSBV.js"
    },
    "chunk-OIEK2XGX": {
      "file": "chunk-OIEK2XGX.js"
    },
    "chunk-Q2S4H7Q3": {
      "file": "chunk-Q2S4H7Q3.js"
    }
  }
}