{
  "hash": "f1bb4d0f",
  "configHash": "aa7a2f04",
  "lockfileHash": "899646d5",
  "browserHash": "9c3fa150",
  "optimized": {
    "@angular/common": {
      "src": "../../../../../../node_modules/@angular/common/fesm2022/common.mjs",
      "file": "@angular_common.js",
      "fileHash": "d9067251",
      "needsInterop": false
    },
    "@angular/core": {
      "src": "../../../../../../node_modules/@angular/core/fesm2022/core.mjs",
      "file": "@angular_core.js",
      "fileHash": "efda2428",
      "needsInterop": false
    },
    "@angular/platform-browser": {
      "src": "../../../../../../node_modules/@angular/platform-browser/fesm2022/platform-browser.mjs",
      "file": "@angular_platform-browser.js",
      "fileHash": "e6cf74f6",
      "needsInterop": false
    },
    "@angular/router": {
      "src": "../../../../../../node_modules/@angular/router/fesm2022/router.mjs",
      "file": "@angular_router.js",
      "fileHash": "6931fd92",
      "needsInterop": false
    },
    "@angular/cdk/bidi": {
      "src": "../../../../../../node_modules/@angular/cdk/fesm2022/bidi.mjs",
      "file": "@angular_cdk_bidi.js",
      "fileHash": "a202fe84",
      "needsInterop": false
    },
    "@angular/material/snack-bar": {
      "src": "../../../../../../node_modules/@angular/material/fesm2022/snack-bar.mjs",
      "file": "@angular_material_snack-bar.js",
      "fileHash": "a30e1991",
      "needsInterop": false
    },
    "@angular/common/http": {
      "src": "../../../../../../node_modules/@angular/common/fesm2022/http.mjs",
      "file": "@angular_common_http.js",
      "fileHash": "3b0082ac",
      "needsInterop": false
    },
    "@angular/material/table": {
      "src": "../../../../../../node_modules/@angular/material/fesm2022/table.mjs",
      "file": "@angular_material_table.js",
      "fileHash": "c8ad96b5",
      "needsInterop": false
    },
    "@angular/forms": {
      "src": "../../../../../../node_modules/@angular/forms/fesm2022/forms.mjs",
      "file": "@angular_forms.js",
      "fileHash": "80ae7bc5",
      "needsInterop": false
    }
  },
  "chunks": {
    "chunk-GTBGWAQY": {
      "file": "chunk-GTBGWAQY.js"
    },
    "chunk-HRJEH3PK": {
      "file": "chunk-HRJEH3PK.js"
    },
    "chunk-43YYRLYX": {
      "file": "chunk-43YYRLYX.js"
    },
    "chunk-4FOA2UWT": {
      "file": "chunk-4FOA2UWT.js"
    },
    "chunk-ZVUORBLX": {
      "file": "chunk-ZVUORBLX.js"
    },
    "chunk-NI2CKQYG": {
      "file": "chunk-NI2CKQYG.js"
    },
    "chunk-EXL2JSYL": {
      "file": "chunk-EXL2JSYL.js"
    }
  }
}