{
  "tasks": [
    {
      "id": "1",
      "taskname": "Learn Angular",
      "status": "Pending"
    },
    {
      "id": "2",
      "taskname": "Complete assignment",
      "status": "Pending"
    },
    {
      "id": "3",
      "taskname": "Attend Meeting",
      "status": "Completed"
    }
  ],
  "clothes": [
    {
      "id": 1,
      "name": "T-Shirt",
      "sizes": [
        "S",
        "M",
        "L",
        "XL"
      ],
      "price": 499,
      "imageUrl": "path/to/tshirt.jpg"
    },
    {
      "id": 2,
      "name": "Jeans",
      "sizes": [
        "M",
        "L",
        "XL"
      ],
      "price": 999,
      "imageUrl": "path/to/jeans.jpg"
    },
    {
      "id": 3,
      "name": "Jacket",
      "sizes": [
        "S",
        "M",
        "L"
      ],
      "price": 1499,
      "imageUrl": "path/to/jacket.jpg"
    },
    {
      "id": 4,
      "name": "Sweater",
      "sizes": [
        "M",
        "L",
        "XL"
      ],
      "price": 799,
      "imageUrl": "path/to/sweater.jpg"
    },
    {
      "id": 5,
      "name": "Cap",
      "sizes": [
        "S",
        "M",
        "L"
      ],
      "price": 299,
      "imageUrl": "path/to/cap.jpg"
    },
    {
      "id": 6,
      "name": "Shorts",
      "sizes": [
        "M",
        "L",
        "XL"
      ],
      "price": 599,
      "imageUrl": "path/to/shorts.jpg"
    },
    {
      "id": 7,
      "name": "Shoes",
      "sizes": [
        "S",
        "M",
        "L",
        "XL"
      ],
      "price": 1299,
      "imageUrl": "path/to/shoes.jpg"
    },
    {
      "id": 8,
      "name": "Socks",
      "sizes": [
        "S",
        "M",
        "L"
      ],
      "price": 199,
      "imageUrl": "path/to/socks.jpg"
    },
    {
      "id": 9,
      "name": "Gloves",
      "sizes": [
        "S",
        "M",
        "L"
      ],
      "price": 399,
      "imageUrl": "path/to/gloves.jpg"
    },
    {
      "id": 10,
      "name": "Scarf",
      "sizes": [
        "M",
        "L",
        "XL"
      ],
      "price": 499,
      "imageUrl": "path/to/scarf.jpg"
    }
  ],
  "cart": [
    {
      "id": 2,
      "name": "Jeans",
      "sizes": [
        "M",
        "L",
        "XL"
      ],
      "price": 999,
      "imageUrl": "path/to/jeans.jpg"
    },
    {
      "id": 6,
      "name": "Shorts",
      "sizes": [
        "M",
        "L",
        "XL"
      ],
      "price": 599,
      "imageUrl": "path/to/shorts.jpg"
    },
    {
      "id": 5,
      "name": "Cap",
      "sizes": [
        "S",
        "M",
        "L"
      ],
      "price": 299,
      "imageUrl": "path/to/cap.jpg"
    }
  ],
  "articles": [
    {
      "id": 1,
      "author": "John Doe",
      "title": "Understanding JSON",
      "content": "JSON (JavaScript Object Notation) is a lightweight data-interchange format...",
      "comment_count": 2,
      "likes": 100
    },
    {
      "id": 2,
      "author": "Alice Brown",
      "title": "Introduction to REST APIs",
      "content": "REST (Representational State Transfer) is an architectural style for designing networked applications...",
      "comment_count": 2,
      "likes": 75
    },
    {
      "id": 3,
      "author": "Michael Green",
      "title": "JavaScript Basics",
      "content": "JavaScript is a versatile programming language used for web development...",
      "comment_count": 15,
      "likes": 90
    },
    {
      "id": 4,
      "author": "Sarah Blue",
      "title": "CSS Flexbox Guide",
      "content": "Flexbox is a layout model in CSS that allows for responsive design...",
      "comment_count": 7,
      "likes": 85
    },
    {
      "id": 5,
      "author": "David Red",
      "title": "Understanding Promises in JavaScript",
      "content": "Promises are used to handle asynchronous operations in JavaScript...",
      "comment_count": 12,
      "likes": 95
    },
    {
      "id": 6,
      "author": "Laura Yellow",
      "title": "Introduction to TypeScript",
      "content": "TypeScript is a superset of JavaScript that adds static types...",
      "comment_count": 5,
      "likes": 80
    }
  ],
  "authors": [
    {
      "id": "1",
      "name": "John Doe",
      "articles_written": [
        "Understanding JSON"
      ]
    },
    {
      "id": "2",
      "name": "Alice Brown",
      "articles_written": [
        "Introduction to REST APIs"
      ]
    },
    {
      "id": "3",
      "name": "Michael Green",
      "articles_written": [
        "JavaScript Basics"
      ]
    },
    {
      "id": "4",
      "name": "Sarah Blue",
      "articles_written": [
        "CSS Flexbox Guide"
      ]
    },
    {
      "id": "5",
      "name": "David Red",
      "articles_written": [
        "Understanding Promises in JavaScript"
      ]
    },
    {
      "id": "6",
      "name": "Laura Yellow",
      "articles_written": [
        "Introduction to TypeScript"
      ]
    }
  ]
}