{
  "airLines": [
    {
      "id": "1",
      "providerName": "Jet Airways",
      "providerCode": "9W-",
      "providerType": "Domestic"
    },
    {
      "id": "2",
      "providerName": "Emirates",
      "providerCode": "EK-",
      "providerType": "Domestic"
    },
    {
      "id": "3",
      "providerName": "Air India",
      "providerCode": "AI-",
      "providerType": "International"
    },
    {
      "id": "4",
      "providerName": "Qatar Airways",
      "providerCode": "QR-",
      "providerType": "Domestic"
    },
    {
      "id": "5",
      "providerName": "IndiGo",
      "providerCode": "6E-",
      "providerType": "Domestic"
    },
    {
      "id": "6",
      "providerName": "Singapore Airlines",
      "providerCode": "SQ-",
      "providerType": "International"
    },
    {
      "id": "7",
      "providerName": "SpiceJet",
      "providerCode": "SG-",
      "providerType": "Domestic"
    },
    {
      "id": "8",
      "providerName": "Lufthansa",
      "providerCode": "LH-",
      "providerType": "International"
    },
    {
      "id": "9",
      "providerName": "GoAir",
      "providerCode": "G8-",
      "providerType": "Domestic"
    },
    {
      "id": "10",
      "providerName": "British Airways",
      "providerCode": "BA-",
      "providerType": "International"
    }
  ]
}