{
  "hash": "cdd0c8fd",
  "configHash": "7a59c122",
  "lockfileHash": "1c368a84",
  "browserHash": "abdb40d1",
  "optimized": {
    "@angular/common": {
      "src": "../../../../../../node_modules/@angular/common/fesm2022/common.mjs",
      "file": "@angular_common.js",
      "fileHash": "22e97ef2",
      "needsInterop": false
    },
    "@angular/core": {
      "src": "../../../../../../node_modules/@angular/core/fesm2022/core.mjs",
      "file": "@angular_core.js",
      "fileHash": "a036d441",
      "needsInterop": false
    },
    "@angular/platform-browser": {
      "src": "../../../../../../node_modules/@angular/platform-browser/fesm2022/platform-browser.mjs",
      "file": "@angular_platform-browser.js",
      "fileHash": "bac9f75d",
      "needsInterop": false
    },
    "@angular/router": {
      "src": "../../../../../../node_modules/@angular/router/fesm2022/router.mjs",
      "file": "@angular_router.js",
      "fileHash": "974bee2b",
      "needsInterop": false
    },
    "@angular/forms": {
      "src": "../../../../../../node_modules/@angular/forms/fesm2022/forms.mjs",
      "file": "@angular_forms.js",
      "fileHash": "508c79b2",
      "needsInterop": false
    }
  },
  "chunks": {
    "chunk-CPOZBNXZ": {
      "file": "chunk-CPOZBNXZ.js"
    },
    "chunk-SFOYTQF7": {
      "file": "chunk-SFOYTQF7.js"
    },
    "chunk-OPCQPQRU": {
      "file": "chunk-OPCQPQRU.js"
    }
  }
}