[
    {
        "category": "Bats",
        "brand": "MRF",
        "items": [
            {
                "id": 1,
                "name": "MRF Genius Grand Edition",
                "price": 299.99,
                "weight": "2.8 lbs",
                "material": "English Willow",
                "image": "/images/bat.png"
            },
            {
                "id": 2,
                "name": "MRF Virat Kohli Edition",
                "price": 320.0,
                "weight": "2.9 lbs",
                "material": "English Willow",
                "image": "/images/bat.png"
            },
            {
                "id": 3,
                "name": "MRF Legend Gold",
                "price": 280.0,
                "weight": "2.7 lbs",
                "material": "English Willow",
                "image": "/images/bat.png"
            }
        ]
    },
    {
        "category": "Bats",
        "brand": "SS",
        "items": [
            {
                "id": 4,
                "name": "SS Ton Reserve Edition",
                "price": 279.99,
                "weight": "2.7 lbs",
                "material": "English Willow",
                "image": "/images/bat.png"
            },
            {
                "id": 5,
                "name": "SS Super Select",
                "price": 260.0,
                "weight": "2.8 lbs",
                "material": "English Willow",
                "image": "/images/bat.png"
            },
            {
                "id": 6,
                "name": "SS Gladiator",
                "price": 310.0,
                "weight": "2.9 lbs",
                "material": "English Willow",
                "image": "/images/bat.png"
            }
        ]
    },
    {
        "category": "Bats",
        "brand": "Kookaburra",
        "items": [
            {
                "id": 7,
                "name": "Kookaburra Kahuna 150",
                "price": 249.99,
                "weight": "2.9 lbs",
                "material": "English Willow",
                "image": "/images/bat.png"
            },
            {
                "id": 8,
                "name": "Kookaburra Ghost",
                "price": 270.0,
                "weight": "2.8 lbs",
                "material": "English Willow",
                "image": "/images/bat.png"
            },
            {
                "id": 9,
                "name": "Kookaburra Rapid Pro",
                "price": 290.0,
                "weight": "2.7 lbs",
                "material": "English Willow",
                "image": "/images/bat.png"
            }
        ]
    },
    {
        "category": "Bats",
        "brand": "Gray-Nicolls",
        "items": [
            {
                "id": 10,
                "name": "Gray-Nicolls Legend",
                "price": 320.0,
                "weight": "2.8 lbs",
                "material": "English Willow",
                "image": "/images/bat.png"
            },
            {
                "id": 11,
                "name": "Gray-Nicolls Ultimate",
                "price": 305.0,
                "weight": "2.9 lbs",
                "material": "English Willow",
                "image": "/images/bat.png"
            },
            {
                "id": 12,
                "name": "Gray-Nicolls Classic",
                "price": 280.0,
                "weight": "2.7 lbs",
                "material": "English Willow",
                "image": "/images/bat.png"
            }
        ]
    },
    {
        "category": "Bats",
        "brand": "SG",
        "items": [
            {
                "id": 13,
                "name": "SG Sunny Gold",
                "price": 259.99,
                "weight": "2.8 lbs",
                "material": "English Willow",
                "image": "/images/bat.png"
            },
            {
                "id": 14,
                "name": "SG Max Cover",
                "price": 240.0,
                "weight": "2.9 lbs",
                "material": "English Willow",
                "image": "/images/bat.png"
            },
            {
                "id": 15,
                "name": "SG King Cobra",
                "price": 275.0,
                "weight": "2.7 lbs",
                "material": "English Willow",
                "image": "/images/bat.png"
            }
        ]
    }
]