[
    {
        "category": "Shoes",
        "brand": "Adidas",
        "items": [
            {
                "id": 1,
                "name": "Adidas Adipower Vector",
                "price": 89.99,
                "type": "Bowling Shoes",
                "image": "/images/shoe.png"
            },
            {
                "id": 2,
                "name": "Adidas Howzat Spike",
                "price": 74.99,
                "type": "Batting Shoes",
                "image": "/images/shoe.png"
            },
            {
                "id": 3,
                "name": "Adidas XT 20",
                "price": 69.99,
                "type": "All-Rounder Shoes",
                "image": "/images/shoe.png"
            }
        ]
    },
    {
        "category": "Shoes",
        "brand": "Puma",
        "items": [
            {
                "id": 4,
                "name": "Puma EvoSpeed",
                "price": 79.99,
                "type": "Bowling Shoes",
                "image": "/images/shoe.png"
            },
            {
                "id": 5,
                "name": "Puma Spike 22",
                "price": 72.5,
                "type": "Batting Shoes",
                "image": "/images/shoe.png"
            },
            {
                "id": 6,
                "name": "Puma All-Rounder",
                "price": 68.0,
                "type": "All-Rounder Shoes",
                "image": "/images/shoe.png"
            }
        ]
    },
    {
        "category": "Shoes",
        "brand": "New Balance",
        "items": [
            {
                "id": 7,
                "name": "New Balance CK10",
                "price": 85.0,
                "type": "Bowling Shoes",
                "image": "/images/shoe.png"
            },
            {
                "id": 8,
                "name": "New Balance CK4030",
                "price": 78.0,
                "type": "Batting Shoes",
                "image": "/images/shoe.png"
            },
            {
                "id": 9,
                "name": "New Balance CK4020",
                "price": 73.5,
                "type": "All-Rounder Shoes",
                "image": "/images/shoe.png"
            }
        ]
    },
    {
        "category": "Shoes",
        "brand": "SG",
        "items": [
            {
                "id": 10,
                "name": "SG Pro Spike",
                "price": 76.99,
                "type": "Bowling Shoes",
                "image": "/images/shoe.png"
            },
            {
                "id": 11,
                "name": "SG Club Spike",
                "price": 70.99,
                "type": "Batting Shoes",
                "image": "/images/shoe.png"
            },
            {
                "id": 12,
                "name": "SG Test All-Rounder",
                "price": 65.99,
                "type": "All-Rounder Shoes",
                "image": "/images/shoe.png"
            }
        ]
    },
    {
        "category": "Shoes",
        "brand": "Kookaburra",
        "items": [
            {
                "id": 13,
                "name": "Kookaburra Pro 2000",
                "price": 90.0,
                "type": "Bowling Shoes",
                "image": "/images/shoe.png"
            },
            {
                "id": 14,
                "name": "Kookaburra Club 1500",
                "price": 79.5,
                "type": "Batting Shoes",
                "image": "/images/shoe.png"
            },
            {
                "id": 15,
                "name": "Kookaburra Elite 1000",
                "price": 74.0,
                "type": "All-Rounder Shoes",
                "image": "/images/shoe.png"
            }
        ]
    }
]