[
    {
        "category": "Balls",
        "brand": "Kookaburra",
        "items": [
            {
                "id": 1,
                "name": "Kookaburra Turf",
                "price": 25.99,
                "material": "Leather",
                "type": "Test Match",
                "image": "/images/ball.png"
            },
            {
                "id": 2,
                "name": "Kookaburra Club",
                "price": 19.99,
                "material": "Leather",
                "type": "Club Match",
                "image": "/images/ball.png"
            },
            {
                "id": 3,
                "name": "Kookaburra Super Test",
                "price": 29.99,
                "material": "Leather",
                "type": "Professional",
                "image": "/images/ball.png"
            }
        ]
    },
    {
        "category": "Balls",
        "brand": "SG",
        "items": [
            {
                "id": 4,
                "name": "SG Test",
                "price": 24.99,
                "material": "Leather",
                "type": "Test Match",
                "image": "/images/ball.png"
            },
            {
                "id": 5,
                "name": "SG Club",
                "price": 18.5,
                "material": "Leather",
                "type": "Club Match",
                "image": "/images/ball.png"
            },
            {
                "id": 6,
                "name": "SG League",
                "price": 22.99,
                "material": "Leather",
                "type": "League Match",
                "image": "/images/ball.png"
            }
        ]
    },
    {
        "category": "Balls",
        "brand": "Dukes",
        "items": [
            {
                "id": 7,
                "name": "Dukes County International",
                "price": 27.5,
                "material": "Leather",
                "type": "First Class",
                "image": "/images/ball.png"
            },
            {
                "id": 8,
                "name": "Dukes Special Crown",
                "price": 30.0,
                "material": "Leather",
                "type": "Test Match",
                "image": "/images/ball.png"
            },
            {
                "id": 9,
                "name": "Dukes Club Match",
                "price": 20.0,
                "material": "Leather",
                "type": "Club Match",
                "image": "/images/ball.png"
            }
        ]
    },
    {
        "category": "Balls",
        "brand": "Gray-Nicolls",
        "items": [
            {
                "id": 10,
                "name": "Gray-Nicolls Crown",
                "price": 26.99,
                "material": "Leather",
                "type": "Test Match",
                "image": "/images/ball.png"
            },
            {
                "id": 11,
                "name": "Gray-Nicolls Club",
                "price": 21.5,
                "material": "Leather",
                "type": "Club Match",
                "image": "/images/ball.png"
            },
            {
                "id": 12,
                "name": "Gray-Nicolls Academy",
                "price": 19.99,
                "material": "Leather",
                "type": "Training",
                "image": "/images/ball.png"
            }
        ]
    },
    {
        "category": "Balls",
        "brand": "Slazenger",
        "items": [
            {
                "id": 13,
                "name": "Slazenger V100",
                "price": 23.99,
                "material": "Leather",
                "type": "Club Match",
                "image": "/images/ball.png"
            },
            {
                "id": 14,
                "name": "Slazenger County",
                "price": 28.0,
                "material": "Leather",
                "type": "First Class",
                "image": "/images/ball.png"
            },
            {
                "id": 15,
                "name": "Slazenger Elite",
                "price": 32.5,
                "material": "Leather",
                "type": "Professional",
                "image": "/images/ball.png"
            }
        ]
    }
]