[
    {
        "category": "Stumps",
        "brand": "SG",
        "items": [
            {
                "id": 1,
                "name": "SG Club Wooden Stumps",
                "price": 29.99,
                "type": "Wooden",
                "image": "/images/stumps.png"
            },
            {
                "id": 2,
                "name": "SG Tournament Stumps",
                "price": 39.99,
                "type": "Wooden",
                "image": "/images/stumps.png"
            },
            {
                "id": 3,
                "name": "SG Flash LED Stumps",
                "price": 119.99,
                "type": "LED",
                "image": "/images/stumps.png"
            }
        ]
    },
    {
        "category": "Stumps",
        "brand": "Kookaburra",
        "items": [
            {
                "id": 4,
                "name": "Kookaburra County Stumps",
                "price": 35.99,
                "type": "Wooden",
                "image": "/images/stumps.png"
            },
            {
                "id": 5,
                "name": "Kookaburra Pro Match Stumps",
                "price": 45.5,
                "type": "Wooden",
                "image": "/images/stumps.png"
            },
            {
                "id": 6,
                "name": "Kookaburra Zing LED Stumps",
                "price": 129.0,
                "type": "LED",
                "image": "/images/stumps.png"
            }
        ]
    },
    {
        "category": "Stumps",
        "brand": "Gray-Nicolls",
        "items": [
            {
                "id": 7,
                "name": "Gray-Nicolls Test Stumps",
                "price": 49.0,
                "type": "Wooden",
                "image": "/images/stumps.png"
            },
            {
                "id": 8,
                "name": "Gray-Nicolls Club Stumps",
                "price": 39.5,
                "type": "Wooden",
                "image": "/images/stumps.png"
            },
            {
                "id": 9,
                "name": "Gray-Nicolls LED Stumps",
                "price": 140.0,
                "type": "LED",
                "image": "/images/stumps.png"
            }
        ]
    },
    {
        "category": "Stumps",
        "brand": "Gunn & Moore",
        "items": [
            {
                "id": 10,
                "name": "Gunn & Moore County Stumps",
                "price": 33.99,
                "type": "Wooden",
                "image": "/images/stumps.png"
            },
            {
                "id": 11,
                "name": "Gunn & Moore Club Stumps",
                "price": 42.99,
                "type": "Wooden",
                "image": "/images/stumps.png"
            },
            {
                "id": 12,
                "name": "Gunn & Moore LED Stumps",
                "price": 135.99,
                "type": "LED",
                "image": "/images/stumps.png"
            }
        ]
    },
    {
        "category": "Stumps",
        "brand": "Puma",
        "items": [
            {
                "id": 13,
                "name": "Puma Match Stumps",
                "price": 37.0,
                "type": "Wooden",
                "image": "/images/stumps.png"
            },
            {
                "id": 14,
                "name": "Puma Pro Stumps",
                "price": 47.5,
                "type": "Wooden",
                "image": "/images/stumps.png"
            },
            {
                "id": 15,
                "name": "Puma LED Stumps",
                "price": 125.0,
                "type": "LED",
                "image": "/images/stumps.png"
            }
        ]
    }
]