[
    {
        "category": "Accessories",
        "brand": "SG",
        "items": [
            {
                "id": 1,
                "name": "SG Arm Guard",
                "price": 15.99,
                "type": "Protection",
                "image": "/images/accessories.png"
            },
            {
                "id": 2,
                "name": "SG Thigh Pad",
                "price": 19.99,
                "type": "Protection",
                "image": "/images/accessories.png"
            },
            {
                "id": 3,
                "name": "SG Cricket Grip",
                "price": 5.99,
                "type": "Grip",
                "image": "/images/accessories.png"
            }
        ]
    },
    {
        "category": "Accessories",
        "brand": "Kookaburra",
        "items": [
            {
                "id": 4,
                "name": "Kookaburra Wrist Band",
                "price": 9.99,
                "type": "Wrist Band",
                "image": "/images/accessories.png"
            },
            {
                "id": 5,
                "name": "Kookaburra Bat Cover",
                "price": 12.99,
                "type": "Cover",
                "image": "/images/accessories.png"
            },
            {
                "id": 6,
                "name": "Kookaburra Shoe Spikes",
                "price": 8.99,
                "type": "Shoe Accessory",
                "image": "/images/accessories.png"
            }
        ]
    },
    {
        "category": "Accessories",
        "brand": "Gray-Nicolls",
        "items": [
            {
                "id": 7,
                "name": "Gray-Nicolls Sun Hat",
                "price": 14.99,
                "type": "Headwear",
                "image": "/images/accessories.png"
            },
            {
                "id": 8,
                "name": "Gray-Nicolls Batting Inner Gloves",
                "price": 10.5,
                "type": "Gloves",
                "image": "/images/accessories.png"
            },
            {
                "id": 9,
                "name": "Gray-Nicolls Scorebook",
                "price": 7.99,
                "type": "Scoring",
                "image": "/images/accessories.png"
            }
        ]
    },
    {
        "category": "Accessories",
        "brand": "Puma",
        "items": [
            {
                "id": 10,
                "name": "Puma Cricket Sunglasses",
                "price": 25.99,
                "type": "Eyewear",
                "image": "/images/accessories.png"
            },
            {
                "id": 11,
                "name": "Puma Cricket Socks",
                "price": 6.5,
                "type": "Apparel",
                "image": "/images/accessories.png"
            },
            {
                "id": 12,
                "name": "Puma Bat Tape",
                "price": 4.99,
                "type": "Tape",
                "image": "/images/accessories.png"
            }
        ]
    },
    {
        "category": "Accessories",
        "brand": "Gunn & Moore",
        "items": [
            {
                "id": 13,
                "name": "GM Cricket Towel",
                "price": 11.99,
                "type": "Towel",
                "image": "/images/accessories.png"
            },
            {
                "id": 14,
                "name": "GM Bat Mallet",
                "price": 9.99,
                "type": "Mallet",
                "image": "/images/accessories.png"
            },
            {
                "id": 15,
                "name": "GM Bat Scuff Sheet",
                "price": 3.99,
                "type": "Protection",
                "image": "/images/accessories.png"
            }
        ]
    }
]