[
    {
        "category": "Clothing",
        "brand": "Adidas",
        "items": [
            {
                "id": 1,
                "name": "Adidas Cricket Jersey",
                "price": 49.99,
                "type": "Jersey",
                "image": "/images/jersey1.png"
            },
            {
                "id": 2,
                "name": "Adidas Cricket Trousers",
                "price": 39.99,
                "type": "Trousers",
                "image": "/images/jersey1.png"
            },
            {
                "id": 3,
                "name": "Adidas Training Shorts",
                "price": 29.99,
                "type": "Shorts",
                "image": "/images/jersey1.png"
            }
        ]
    },
    {
        "category": "Clothing",
        "brand": "Puma",
        "items": [
            {
                "id": 4,
                "name": "Puma Match Jersey",
                "price": 52.99,
                "type": "Jersey",
                "image": "/images/jersey1.png"
            },
            {
                "id": 5,
                "name": "Puma Cricket Trousers",
                "price": 42.5,
                "type": "Trousers",
                "image": "/images/jersey1.png"
            },
            {
                "id": 6,
                "name": "Puma Training Shorts",
                "price": 32.0,
                "type": "Shorts",
                "image": "/images/jersey1.png"
            }
        ]
    },
    {
        "category": "Clothing",
        "brand": "New Balance",
        "items": [
            {
                "id": 7,
                "name": "New Balance Pro Jersey",
                "price": 55.0,
                "type": "Jersey",
                "image": "/images/jersey1.png"
            },
            {
                "id": 8,
                "name": "New Balance Cricket Pants",
                "price": 44.0,
                "type": "Trousers",
                "image": "/images/jersey1.png"
            },
            {
                "id": 9,
                "name": "New Balance Sports Shorts",
                "price": 34.5,
                "type": "Shorts",
                "image": "/images/jersey1.png"
            }
        ]
    },
    {
        "category": "Clothing",
        "brand": "SG",
        "items": [
            {
                "id": 10,
                "name": "SG Team Jersey",
                "price": 47.99,
                "type": "Jersey",
                "image": "/images/jersey1.png"
            },
            {
                "id": 11,
                "name": "SG Cricket Trousers",
                "price": 37.99,
                "type": "Trousers",
                "image": "/images/jersey1.png"
            },
            {
                "id": 12,
                "name": "SG Warm-up Shorts",
                "price": 27.99,
                "type": "Shorts",
                "image": "/images/jersey1.png"
            }
        ]
    },
    {
        "category": "Clothing",
        "brand": "Kookaburra",
        "items": [
            {
                "id": 13,
                "name": "Kookaburra Elite Jersey",
                "price": 59.0,
                "type": "Jersey",
                "image": "/images/jersey1.png"
            },
            {
                "id": 14,
                "name": "Kookaburra Club Trousers",
                "price": 48.5,
                "type": "Trousers",
                "image": "/images/jersey1.png"
            },
            {
                "id": 15,
                "name": "Kookaburra Cricket Shorts",
                "price": 38.0,
                "type": "Shorts",
                "image": "/images/jersey1.png"
            }
        ]
    }
]