[
    {
        "category": "Kits",
        "brand": "SG",
        "items": [
            {
                "id": 1,
                "name": "SG Primary Kit",
                "type": "Bat",
                "price": 3250,
                "image": "/images/kit.png"
            },
            {
                "id": 2,
                "name": "SG Secondary Kit",
                "type": "Ball",
                "price": 6250,
                "image": "/images/kit.png"
            },
            {
                "id": 3,
                "name": "SG Exculsive Kit",
                "type": "Protective Gear",
                "price": 13250,
                "image": "/images/kit.png"
            }
        ]
    },
    {
        "category": "Kits",
        "brand": "Kookaburra",
        "items": [
            {
                "id": 4,
                "name": "Kookaburra Primary Kit",
                "type": "Bat",
                "price": 3250,
                "image": "/images/kit.png"
            },
            {
                "id": 5,
                "name": "Kookaburra Secondary Kit",
                "type": "Ball",
                "price": 6250,
                "image": "/images/kit.png"
            },
            {
                "id": 6,
                "name": "Kookaburra Exculsice",
                "type": "Protective Gear",
                "price": 13250,
                "image": "/images/kit.png"
            }
        ]
    },
    {
        "category": "Kits",
        "brand": "Gray-Nicolls",
        "items": [
            {
                "id": 7,
                "name": "Gray-Nicolls Primary Kit",
                "type": "Bat",
                "price": 3250,
                "image": "/images/kit.png"
            },
            {
                "id": 8,
                "name": "Gray-Nicolls Secondary Kit",
                "type": "Ball",
                "price": 6250,
                "image": "/images/kit.png"
            },
            {
                "id": 9,
                "name": "Gray-Nicolls Exculsive Kit",
                "type": "Protective Gear",
                "price": 13250,
                "image": "/images/kit.png"
            }
        ]
    }
]