[
    {
        "category": "Bags",
        "brand": "SG",
        "items": [
            {
                "id": 1,
                "name": "SG Kit Bag Classic",
                "price": 79.99,
                "type": "Duffle Bag",
                "image": "/images/bag.png"
            },
            {
                "id": 2,
                "name": "SG Tournament Wheelie Bag",
                "price": 99.99,
                "type": "Wheelie Bag",
                "image": "/images/bag.png"
            },
            {
                "id": 3,
                "name": "SG Club Cricket Kit Bag",
                "price": 89.99,
                "type": "Backpack",
                "image": "/images/bag.png"
            }
        ]
    },
    {
        "category": "Bags",
        "brand": "Kookaburra",
        "items": [
            {
                "id": 4,
                "name": "Kookaburra Pro Duffle Bag",
                "price": 85.99,
                "type": "Duffle Bag",
                "image": "/images/bag.png"
            },
            {
                "id": 5,
                "name": "Kookaburra Elite Wheelie Bag",
                "price": 109.5,
                "type": "Wheelie Bag",
                "image": "/images/bag.png"
            },
            {
                "id": 6,
                "name": "Kookaburra Pro 1000 Kit Bag",
                "price": 95.5,
                "type": "Backpack",
                "image": "/images/bag.png"
            }
        ]
    },
    {
        "category": "Bags",
        "brand": "Gray-Nicolls",
        "items": [
            {
                "id": 7,
                "name": "Gray-Nicolls Team Duffle",
                "price": 90.0,
                "type": "Duffle Bag",
                "image": "/images/bag.png"
            },
            {
                "id": 8,
                "name": "Gray-Nicolls Legend Wheelie",
                "price": 120.0,
                "type": "Wheelie Bag",
                "image": "/images/bag.png"
            },
            {
                "id": 9,
                "name": "Gray-Nicolls Club Backpack",
                "price": 89.0,
                "type": "Backpack",
                "image": "/images/bag.png"
            }
        ]
    },
    {
        "category": "Bags",
        "brand": "Gunn & Moore",
        "items": [
            {
                "id": 10,
                "name": "GM Original Duffle Bag",
                "price": 82.99,
                "type": "Duffle Bag",
                "image": "/images/bag.png"
            },
            {
                "id": 11,
                "name": "GM Wheelie Bag Pro",
                "price": 115.99,
                "type": "Wheelie Bag",
                "image": "/images/bag.png"
            },
            {
                "id": 12,
                "name": "GM Club Kit Bag",
                "price": 88.99,
                "type": "Backpack",
                "image": "/images/bag.png"
            }
        ]
    },
    {
        "category": "Bags",
        "brand": "Puma",
        "items": [
            {
                "id": 13,
                "name": "Puma Cricket Duffle Bag",
                "price": 87.0,
                "type": "Duffle Bag",
                "image": "/images/bag.png"
            },
            {
                "id": 14,
                "name": "Puma Wheelie Kit Bag",
                "price": 110.5,
                "type": "Wheelie Bag",
                "image": "/images/bag.png"
            },
            {
                "id": 15,
                "name": "Puma Pro Backpack",
                "price": 92.0,
                "type": "Backpack",
                "image": "/images/bag.png"
            }
        ]
    }
]