[
    {
        "category": "Protective Gear",
        "brand": "SG",
        "items": [
            {
                "id": 1,
                "name": "SG Test Batting Gloves",
                "price": 34.99,
                "type": "Batting Gloves",
                "image": "/images/protective-gear.png"
            },
            {
                "id": 2,
                "name": "SG Club Batting Pads",
                "price": 49.99,
                "type": "Batting Pads",
                "image": "/images/protective-gear.png"
            },
            {
                "id": 3,
                "name": "SG Test Helmet",
                "price": 59.99,
                "type": "Helmet",
                "image": "/images/protective-gear.png"
            }
        ]
    },
    {
        "category": "Protective Gear",
        "brand": "Kookaburra",
        "items": [
            {
                "id": 4,
                "name": "Kookaburra Pro Batting Gloves",
                "price": 39.99,
                "type": "Batting Gloves",
                "image": "/images/protective-gear.png"
            },
            {
                "id": 5,
                "name": "Kookaburra County Batting Pads",
                "price": 55.0,
                "type": "Batting Pads",
                "image": "/images/protective-gear.png"
            },
            {
                "id": 6,
                "name": "Kookaburra Pro Helmet",
                "price": 65.0,
                "type": "Helmet",
                "image": "/images/protective-gear.png"
            }
        ]
    },
    {
        "category": "Protective Gear",
        "brand": "Gray-Nicolls",
        "items": [
            {
                "id": 7,
                "name": "Gray-Nicolls Legend Batting Gloves",
                "price": 42.5,
                "type": "Batting Gloves",
                "image": "/images/protective-gear.png"
            },
            {
                "id": 8,
                "name": "Gray-Nicolls Elite Batting Pads",
                "price": 58.5,
                "type": "Batting Pads",
                "image": "/images/protective-gear.png"
            },
            {
                "id": 9,
                "name": "Gray-Nicolls Test Helmet",
                "price": 72.0,
                "type": "Helmet",
                "image": "/images/protective-gear.png"
            }
        ]
    },
    {
        "category": "Protective Gear",
        "brand": "SS",
        "items": [
            {
                "id": 10,
                "name": "SS Professional Batting Gloves",
                "price": 37.99,
                "type": "Batting Gloves",
                "image": "/images/protective-gear.png"
            },
            {
                "id": 11,
                "name": "SS Test Batting Pads",
                "price": 52.99,
                "type": "Batting Pads",
                "image": "/images/protective-gear.png"
            },
            {
                "id": 12,
                "name": "SS Club Helmet",
                "price": 60.99,
                "type": "Helmet",
                "image": "/images/protective-gear.png"
            }
        ]
    },
    {
        "category": "Protective Gear",
        "brand": "Adidas",
        "items": [
            {
                "id": 13,
                "name": "Adidas Elite Batting Gloves",
                "price": 45.0,
                "type": "Batting Gloves",
                "image": "/images/protective-gear.png"
            },
            {
                "id": 14,
                "name": "Adidas Pro Batting Pads",
                "price": 61.0,
                "type": "Batting Pads",
                "image": "/images/protective-gear.png"
            },
            {
                "id": 15,
                "name": "Adidas Test Helmet",
                "price": 75.0,
                "type": "Helmet",
                "image": "/images/protective-gear.png"
            }
        ]
    }
]