[
    {
        "category": "Wicket Keeping",
        "brand": "SG",
        "items": [
            {
                "id": 1,
                "name": "SG Wicket Keeping Gloves",
                "price": 49.99,
                "type": "Gloves",
                "image": "/images/wicket-keeping.png"
            },
            {
                "id": 2,
                "name": "SG Wicket Keeping Pads",
                "price": 59.99,
                "type": "Pads",
                "image": "/images/wicket-keeping.png"
            },
            {
                "id": 3,
                "name": "SG Inner Gloves",
                "price": 19.99,
                "type": "Inner Gloves",
                "image": "/images/wicket-keeping.png"
            }
        ]
    },
    {
        "category": "Wicket Keeping",
        "brand": "Kookaburra",
        "items": [
            {
                "id": 4,
                "name": "Kookaburra Wicket Keeping Gloves",
                "price": 55.99,
                "type": "Gloves",
                "image": "/images/wicket-keeping.png"
            },
            {
                "id": 5,
                "name": "Kookaburra Wicket Keeping Pads",
                "price": 65.5,
                "type": "Pads",
                "image": "/images/wicket-keeping.png"
            },
            {
                "id": 6,
                "name": "Kookaburra Inner Gloves",
                "price": 22.5,
                "type": "Inner Gloves",
                "image": "/images/wicket-keeping.png"
            }
        ]
    },
    {
        "category": "Wicket Keeping",
        "brand": "Gray-Nicolls",
        "items": [
            {
                "id": 7,
                "name": "Gray-Nicolls Wicket Keeping Gloves",
                "price": 60.0,
                "type": "Gloves",
                "image": "/images/wicket-keeping.png"
            },
            {
                "id": 8,
                "name": "Gray-Nicolls Wicket Keeping Pads",
                "price": 70.0,
                "type": "Pads",
                "image": "/images/wicket-keeping.png"
            },
            {
                "id": 9,
                "name": "Gray-Nicolls Inner Gloves",
                "price": 25.0,
                "type": "Inner Gloves",
                "image": "/images/wicket-keeping.png"
            }
        ]
    },
    {
        "category": "Wicket Keeping",
        "brand": "Gunn & Moore",
        "items": [
            {
                "id": 10,
                "name": "Gunn & Moore Wicket Keeping Gloves",
                "price": 52.99,
                "type": "Gloves",
                "image": "/images/wicket-keeping.png"
            },
            {
                "id": 11,
                "name": "Gunn & Moore Wicket Keeping Pads",
                "price": 62.99,
                "type": "Pads",
                "image": "/images/wicket-keeping.png"
            },
            {
                "id": 12,
                "name": "Gunn & Moore Inner Gloves",
                "price": 21.99,
                "type": "Inner Gloves",
                "image": "/images/wicket-keeping.png"
            }
        ]
    },
    {
        "category": "Wicket Keeping",
        "brand": "Puma",
        "items": [
            {
                "id": 13,
                "name": "Puma Wicket Keeping Gloves",
                "price": 57.0,
                "type": "Gloves",
                "image": "/images/wicket-keeping.png"
            },
            {
                "id": 14,
                "name": "Puma Wicket Keeping Pads",
                "price": 67.5,
                "type": "Pads",
                "image": "/images/wicket-keeping.png"
            },
            {
                "id": 15,
                "name": "Puma Inner Gloves",
                "price": 23.0,
                "type": "Inner Gloves",
                "image": "/images/wicket-keeping.png"
            }
        ]
    }
]