{
  "hash": "07d3d06b",
  "configHash": "ef51f696",
  "lockfileHash": "b4b8e0a3",
  "browserHash": "9fa7209c",
  "optimized": {
    "@angular/cdk/drag-drop": {
      "src": "../../../../../../node_modules/@angular/cdk/fesm2022/drag-drop.mjs",
      "file": "@angular_cdk_drag-drop.js",
      "fileHash": "2ad65bbb",
      "needsInterop": false
    },
    "@angular/cdk/scrolling": {
      "src": "../../../../../../node_modules/@angular/cdk/fesm2022/scrolling.mjs",
      "file": "@angular_cdk_scrolling.js",
      "fileHash": "d91c4396",
      "needsInterop": false
    },
    "@angular/common": {
      "src": "../../../../../../node_modules/@angular/common/fesm2022/common.mjs",
      "file": "@angular_common.js",
      "fileHash": "b6e59384",
      "needsInterop": false
    },
    "@angular/core": {
      "src": "../../../../../../node_modules/@angular/core/fesm2022/core.mjs",
      "file": "@angular_core.js",
      "fileHash": "bd537122",
      "needsInterop": false
    },
    "@angular/platform-browser": {
      "src": "../../../../../../node_modules/@angular/platform-browser/fesm2022/platform-browser.mjs",
      "file": "@angular_platform-browser.js",
      "fileHash": "a75fb278",
      "needsInterop": false
    },
    "@angular/platform-server": {
      "src": "../../../../../../node_modules/@angular/platform-server/fesm2022/platform-server.mjs",
      "file": "@angular_platform-server.js",
      "fileHash": "b65a7a9d",
      "needsInterop": false
    },
    "@angular/router": {
      "src": "../../../../../../node_modules/@angular/router/fesm2022/router.mjs",
      "file": "@angular_router.js",
      "fileHash": "ca416900",
      "needsInterop": false
    },
    "@angular/ssr": {
      "src": "../../../../../../node_modules/@angular/ssr/fesm2022/ssr.mjs",
      "file": "@angular_ssr.js",
      "fileHash": "4ec16af6",
      "needsInterop": false
    },
    "@angular/ssr/node": {
      "src": "../../../../../../node_modules/@angular/ssr/fesm2022/node.mjs",
      "file": "@angular_ssr_node.js",
      "fileHash": "284b56fc",
      "needsInterop": false
    },
    "express": {
      "src": "../../../../../../node_modules/express/index.js",
      "file": "express.js",
      "fileHash": "5a501660",
      "needsInterop": true
    },
    "@angular/forms": {
      "src": "../../../../../../node_modules/@angular/forms/fesm2022/forms.mjs",
      "file": "@angular_forms.js",
      "fileHash": "42357640",
      "needsInterop": false
    }
  },
  "chunks": {
    "xhr2-TXIMV6CV": {
      "file": "xhr2-TXIMV6CV.js"
    },
    "chunk-NVSL5ECT": {
      "file": "chunk-NVSL5ECT.js"
    },
    "chunk-KIRQUKGR": {
      "file": "chunk-KIRQUKGR.js"
    },
    "chunk-MFELBE74": {
      "file": "chunk-MFELBE74.js"
    },
    "chunk-WLXLTZQW": {
      "file": "chunk-WLXLTZQW.js"
    },
    "chunk-MGBFQ7M2": {
      "file": "chunk-MGBFQ7M2.js"
    },
    "chunk-MUNAXTQX": {
      "file": "chunk-MUNAXTQX.js"
    },
    "chunk-OGMU4Y3G": {
      "file": "chunk-OGMU4Y3G.js"
    },
    "chunk-YHCV7DAQ": {
      "file": "chunk-YHCV7DAQ.js"
    }
  }
}