{
  "hash": "f7ae42a3",
  "configHash": "66466b2e",
  "lockfileHash": "3bf6ded9",
  "browserHash": "4d888e97",
  "optimized": {
    "@angular/common": {
      "src": "../../../../../../node_modules/@angular/common/fesm2022/common.mjs",
      "file": "@angular_common.js",
      "fileHash": "6fbea2cd",
      "needsInterop": false
    },
    "@angular/core": {
      "src": "../../../../../../node_modules/@angular/core/fesm2022/core.mjs",
      "file": "@angular_core.js",
      "fileHash": "97b74511",
      "needsInterop": false
    },
    "@angular/platform-browser": {
      "src": "../../../../../../node_modules/@angular/platform-browser/fesm2022/platform-browser.mjs",
      "file": "@angular_platform-browser.js",
      "fileHash": "ea173cf3",
      "needsInterop": false
    },
    "@angular/router": {
      "src": "../../../../../../node_modules/@angular/router/fesm2022/router.mjs",
      "file": "@angular_router.js",
      "fileHash": "3aebd0b1",
      "needsInterop": false
    }
  },
  "chunks": {
    "chunk-64G2Q2GC": {
      "file": "chunk-64G2Q2GC.js"
    },
    "chunk-DFLTQKNZ": {
      "file": "chunk-DFLTQKNZ.js"
    },
    "chunk-VEFH4ENC": {
      "file": "chunk-VEFH4ENC.js"
    }
  }
}