{
  "hash": "9b7f8ba6",
  "configHash": "de612070",
  "lockfileHash": "7e2420d9",
  "browserHash": "820dd684",
  "optimized": {
    "@angular/cdk/bidi": {
      "src": "../../../../../../node_modules/@angular/cdk/fesm2022/bidi.mjs",
      "file": "@angular_cdk_bidi.js",
      "fileHash": "1f0a3cab",
      "needsInterop": false
    },
    "@angular/common": {
      "src": "../../../../../../node_modules/@angular/common/fesm2022/common.mjs",
      "file": "@angular_common.js",
      "fileHash": "fe514dd4",
      "needsInterop": false
    },
    "@angular/common/http": {
      "src": "../../../../../../node_modules/@angular/common/fesm2022/http.mjs",
      "file": "@angular_common_http.js",
      "fileHash": "701a8ccc",
      "needsInterop": false
    },
    "@angular/core": {
      "src": "../../../../../../node_modules/@angular/core/fesm2022/core.mjs",
      "file": "@angular_core.js",
      "fileHash": "8d5634c8",
      "needsInterop": false
    },
    "@angular/forms": {
      "src": "../../../../../../node_modules/@angular/forms/fesm2022/forms.mjs",
      "file": "@angular_forms.js",
      "fileHash": "b7f75db5",
      "needsInterop": false
    },
    "@angular/material/dialog": {
      "src": "../../../../../../node_modules/@angular/material/fesm2022/dialog.mjs",
      "file": "@angular_material_dialog.js",
      "fileHash": "b377d767",
      "needsInterop": false
    },
    "@angular/material/table": {
      "src": "../../../../../../node_modules/@angular/material/fesm2022/table.mjs",
      "file": "@angular_material_table.js",
      "fileHash": "48120887",
      "needsInterop": false
    },
    "@angular/platform-browser": {
      "src": "../../../../../../node_modules/@angular/platform-browser/fesm2022/platform-browser.mjs",
      "file": "@angular_platform-browser.js",
      "fileHash": "593bb34b",
      "needsInterop": false
    },
    "@angular/router": {
      "src": "../../../../../../node_modules/@angular/router/fesm2022/router.mjs",
      "file": "@angular_router.js",
      "fileHash": "c53cfbb5",
      "needsInterop": false
    }
  },
  "chunks": {
    "chunk-VO4NKY5G": {
      "file": "chunk-VO4NKY5G.js"
    },
    "chunk-CECMZ64V": {
      "file": "chunk-CECMZ64V.js"
    },
    "chunk-4SLZYRAC": {
      "file": "chunk-4SLZYRAC.js"
    },
    "chunk-VOOSZDXL": {
      "file": "chunk-VOOSZDXL.js"
    },
    "chunk-CIXDDK5T": {
      "file": "chunk-CIXDDK5T.js"
    },
    "chunk-RK4RFECB": {
      "file": "chunk-RK4RFECB.js"
    },
    "chunk-57Y4FKOD": {
      "file": "chunk-57Y4FKOD.js"
    }
  }
}