{
  "hash": "d3039d57",
  "configHash": "3559c39b",
  "lockfileHash": "7e2420d9",
  "browserHash": "2bc8d47a",
  "optimized": {
    "@angular/common": {
      "src": "../../../../../../node_modules/@angular/common/fesm2022/common.mjs",
      "file": "@angular_common.js",
      "fileHash": "717c1472",
      "needsInterop": false
    },
    "@angular/common/http": {
      "src": "../../../../../../node_modules/@angular/common/fesm2022/http.mjs",
      "file": "@angular_common_http.js",
      "fileHash": "872f453d",
      "needsInterop": false
    },
    "@angular/core": {
      "src": "../../../../../../node_modules/@angular/core/fesm2022/core.mjs",
      "file": "@angular_core.js",
      "fileHash": "c3a0526f",
      "needsInterop": false
    },
    "@angular/platform-browser": {
      "src": "../../../../../../node_modules/@angular/platform-browser/fesm2022/platform-browser.mjs",
      "file": "@angular_platform-browser.js",
      "fileHash": "ff12555c",
      "needsInterop": false
    },
    "@angular/router": {
      "src": "../../../../../../node_modules/@angular/router/fesm2022/router.mjs",
      "file": "@angular_router.js",
      "fileHash": "d2b6b5be",
      "needsInterop": false
    },
    "@angular/cdk/bidi": {
      "src": "../../../../../../node_modules/@angular/cdk/fesm2022/bidi.mjs",
      "file": "@angular_cdk_bidi.js",
      "fileHash": "8b892232",
      "needsInterop": false
    },
    "@angular/material/table": {
      "src": "../../../../../../node_modules/@angular/material/fesm2022/table.mjs",
      "file": "@angular_material_table.js",
      "fileHash": "26248fbc",
      "needsInterop": false
    },
    "@angular/material/dialog": {
      "src": "../../../../../../node_modules/@angular/material/fesm2022/dialog.mjs",
      "file": "@angular_material_dialog.js",
      "fileHash": "70766a17",
      "needsInterop": false
    },
    "@angular/forms": {
      "src": "../../../../../../node_modules/@angular/forms/fesm2022/forms.mjs",
      "file": "@angular_forms.js",
      "fileHash": "263979f4",
      "needsInterop": false
    },
    "tslib": {
      "src": "../../../../../../node_modules/tslib/tslib.es6.mjs",
      "file": "tslib.js",
      "fileHash": "2e2ce698",
      "needsInterop": false
    }
  },
  "chunks": {
    "chunk-GFYNRGPV": {
      "file": "chunk-GFYNRGPV.js"
    },
    "chunk-JQE47JTO": {
      "file": "chunk-JQE47JTO.js"
    },
    "chunk-NY6427BU": {
      "file": "chunk-NY6427BU.js"
    },
    "chunk-KZHFO5BX": {
      "file": "chunk-KZHFO5BX.js"
    },
    "chunk-MFXXDCVR": {
      "file": "chunk-MFXXDCVR.js"
    },
    "chunk-QSZKV6YQ": {
      "file": "chunk-QSZKV6YQ.js"
    },
    "chunk-VWLQ5XWU": {
      "file": "chunk-VWLQ5XWU.js"
    },
    "chunk-EPAV4CNQ": {
      "file": "chunk-EPAV4CNQ.js"
    }
  }
}